id,city,lat,lng,country,iso2,capital
1,Berlin,52.5167,13.3833,Germany,DE,primary
2,Hamburg,53.55,10,Germany,DE,admin
3,Munich,48.1372,11.5755,Germany,DE,admin
4,Cologne,50.9422,6.9578,Germany,DE,
5,Frankfurt,50.1136,8.6797,Germany,DE,minor
6,Bremen,53.1153,8.7975,Germany,DE,admin
7,Düsseldorf,51.2311,6.7724,Germany,DE,admin
8,Stuttgart,48.7761,9.1775,Germany,DE,admin
9,Leipzig,51.3333,12.3833,Germany,DE,minor
10,Dortmund,51.5139,7.4653,Germany,DE,minor
11,Essen,51.4508,7.0131,Germany,DE,minor
12,Dresden,51.05,13.74,Germany,DE,admin
13,Hannover,52.3744,9.7386,Germany,DE,admin
14,Nuremberg,49.4539,11.0775,Germany,DE,minor
15,Duisburg,51.4322,6.7611,Germany,DE,minor
16,Bochum,51.4833,7.2167,Germany,DE,minor
17,Wuppertal,51.2667,7.1833,Germany,DE,minor
18,Bielefeld,52.0167,8.5333,Germany,DE,minor
19,Bonn,50.7339,7.0997,Germany,DE,minor
20,Münster,51.9625,7.6256,Germany,DE,minor
21,Karlsruhe,49.0167,8.4,Germany,DE,minor
22,Mannheim,49.4878,8.4661,Germany,DE,minor
23,Augsburg,48.3717,10.8983,Germany,DE,minor
24,Kassel,51.3166,9.4912,Germany,DE,minor
25,Wiesbaden,50.0825,8.24,Germany,DE,admin
26,Mönchengladbach,51.2,6.4333,Germany,DE,minor
27,Gelsenkirchen,51.5167,7.1,Germany,DE,minor
28,Braunschweig,52.2692,10.5211,Germany,DE,minor
29,Aachen,50.7762,6.0838,Germany,DE,minor
30,Kiel,54.3233,10.1394,Germany,DE,admin
31,Chemnitz,50.8333,12.9167,Germany,DE,minor
32,Halle,51.4828,11.9697,Germany,DE,minor
33,Magdeburg,52.1278,11.6292,Germany,DE,admin
34,Freiburg im Breisgau,47.9947,7.8497,Germany,DE,minor
35,Krefeld,51.3333,6.5667,Germany,DE,minor
36,Mainz,50,8.2667,Germany,DE,admin
37,Lübeck,53.8697,10.6864,Germany,DE,minor
38,Oberhausen,51.4699,6.8514,Germany,DE,minor
39,Rostock,54.0833,12.1333,Germany,DE,
40,Erfurt,50.9787,11.0328,Germany,DE,admin
41,Hagen,51.3594,7.475,Germany,DE,minor
42,Potsdam,52.4,13.0667,Germany,DE,admin
43,Saarbrücken,49.2333,7,Germany,DE,admin
44,Hamm,51.6667,7.8167,Germany,DE,minor
45,Ludwigshafen,49.4811,8.4353,Germany,DE,minor
46,Mülheim,51.4275,6.8825,Germany,DE,minor
47,Oldenburg,53.1439,8.2139,Germany,DE,minor
48,Osnabrück,52.2789,8.0431,Germany,DE,minor
49,Leverkusen,51.0333,6.9833,Germany,DE,minor
50,Heidelberg,49.4122,8.71,Germany,DE,minor
51,Solingen,51.1667,7.0833,Germany,DE,minor
52,Darmstadt,49.8667,8.65,Germany,DE,minor
53,Herne,51.5426,7.219,Germany,DE,minor
54,Neuss,51.2003,6.6939,Germany,DE,minor
55,Regensburg,49.0167,12.0833,Germany,DE,minor
56,Paderborn,51.7167,8.7667,Germany,DE,minor
57,Ingolstadt,48.7636,11.4261,Germany,DE,minor
58,Würzburg,49.7944,9.9294,Germany,DE,minor
59,Fürth,49.4783,10.9903,Germany,DE,minor
60,Ulm,48.3984,9.9916,Germany,DE,minor
61,Heilbronn,49.1404,9.218,Germany,DE,minor
62,Pforzheim,48.895,8.705,Germany,DE,minor
63,Wolfsburg,52.4231,10.7872,Germany,DE,minor
64,Göttingen,51.5339,9.9356,Germany,DE,minor
65,Bottrop,51.5232,6.9253,Germany,DE,minor
66,Reutlingen,48.4833,9.2167,Germany,DE,minor
67,Koblenz,50.3597,7.5978,Germany,DE,minor
68,Bremerhaven,53.55,8.5833,Germany,DE,
69,Recklinghausen,51.6167,7.2,Germany,DE,minor
70,Bergisch Gladbach,50.9917,7.1367,Germany,DE,minor
71,Erlangen,49.5964,11.0044,Germany,DE,minor
72,Jena,50.9272,11.5864,Germany,DE,minor
73,Remscheid,51.1802,7.1872,Germany,DE,minor
74,Trier,49.7567,6.6414,Germany,DE,minor
75,Salzgitter,52.1503,10.3593,Germany,DE,minor
76,Moers,51.4592,6.6197,Germany,DE,
77,Siegen,50.8756,8.0167,Germany,DE,minor
78,Hildesheim,52.15,9.95,Germany,DE,minor
79,Cottbus,51.7606,14.3342,Germany,DE,minor
80,Gütersloh,51.9,8.3833,Germany,DE,minor
81,Kaiserslautern,49.4447,7.7689,Germany,DE,minor
82,Witten,51.4333,7.3333,Germany,DE,
83,Hanau,50.1328,8.9169,Germany,DE,minor
84,Schwerin,53.6333,11.4167,Germany,DE,admin
85,Gera,50.8782,12.0824,Germany,DE,minor
86,Esslingen,48.7406,9.3108,Germany,DE,minor
87,Ludwigsburg,48.8975,9.1919,Germany,DE,minor
88,Iserlohn,51.3833,7.6667,Germany,DE,
89,Düren,50.8,6.4833,Germany,DE,minor
90,Tübingen,48.52,9.0556,Germany,DE,minor
91,Flensburg,54.7819,9.4367,Germany,DE,minor
92,Zwickau,50.7189,12.4961,Germany,DE,minor
93,Gießen,50.5833,8.6667,Germany,DE,minor
94,Ratingen,51.3,6.85,Germany,DE,
95,Lünen,51.6167,7.5167,Germany,DE,
96,Villingen-Schwenningen,48.0603,8.4586,Germany,DE,minor
97,Konstanz,47.6633,9.1753,Germany,DE,
98,Marl,51.6667,7.1167,Germany,DE,
99,Worms,49.6319,8.3653,Germany,DE,minor
100,Velbert,51.34,7.0416,Germany,DE,
101,Minden,52.2883,8.9167,Germany,DE,minor
102,Dessau-Roßlau,51.8333,12.2333,Germany,DE,minor
103,Neumünster,54.0714,9.99,Germany,DE,minor
104,Norderstedt,53.7064,10.0103,Germany,DE,
105,Delmenhorst,53.0506,8.6317,Germany,DE,minor
106,Bamberg,49.8917,10.8917,Germany,DE,minor
107,Viersen,51.2556,6.3917,Germany,DE,minor
108,Marburg,50.8167,8.7667,Germany,DE,minor
109,Rheine,52.2833,7.4333,Germany,DE,
110,Wilhelmshaven,53.5167,8.1333,Germany,DE,minor
111,Gladbeck,51.5713,6.9827,Germany,DE,
112,Lüneburg,53.2525,10.4144,Germany,DE,minor
113,Troisdorf,50.8161,7.1556,Germany,DE,
114,Dorsten,51.66,6.9642,Germany,DE,
115,Bayreuth,49.9481,11.5783,Germany,DE,minor
116,Detmold,51.9378,8.8833,Germany,DE,minor
117,Arnsberg,51.3967,8.0644,Germany,DE,
118,Castrop-Rauxel,51.55,7.3167,Germany,DE,
119,Lüdenscheid,51.2198,7.6273,Germany,DE,minor
120,Landshut,48.5397,12.1508,Germany,DE,minor
121,Brandenburg,52.4117,12.5561,Germany,DE,minor
122,Bocholt,51.8333,6.6167,Germany,DE,
123,Aschaffenburg,49.9757,9.1478,Germany,DE,minor
124,Celle,52.6256,10.0825,Germany,DE,minor
125,Kempten,47.7333,10.3167,Germany,DE,minor
126,Fulda,50.5528,9.6775,Germany,DE,minor
127,Aalen,48.8372,10.0936,Germany,DE,minor
128,Lippstadt,51.6667,8.35,Germany,DE,
129,Dinslaken,51.5667,6.7333,Germany,DE,
130,Herford,52.1146,8.6734,Germany,DE,minor
131,Kerpen,50.8719,6.6961,Germany,DE,
132,Rüsselsheim,49.995,8.4119,Germany,DE,
133,Weimar,50.9833,11.3167,Germany,DE,minor
134,Plauen,50.495,12.1383,Germany,DE,minor
135,Sindelfingen,48.7133,9.0028,Germany,DE,
136,Neuwied,50.4286,7.4614,Germany,DE,minor
137,Dormagen,51.0964,6.84,Germany,DE,
138,Neubrandenburg,53.5569,13.2608,Germany,DE,minor
139,Grevenbroich,51.0883,6.5875,Germany,DE,
140,Rosenheim,47.8561,12.1289,Germany,DE,minor
141,Herten,51.6,7.1333,Germany,DE,
142,Bergheim,50.9667,6.65,Germany,DE,minor
143,Schwäbisch Gmünd,48.8,9.8,Germany,DE,
144,Friedrichshafen,47.6542,9.4792,Germany,DE,
145,Garbsen,52.4183,9.5981,Germany,DE,
146,Wesel,51.6586,6.6178,Germany,DE,minor
147,Hürth,50.8775,6.8761,Germany,DE,
148,Offenburg,48.4708,7.9408,Germany,DE,minor
149,Stralsund,54.3092,13.0819,Germany,DE,minor
150,Greifswald,54.0833,13.3833,Germany,DE,minor
151,Langenfeld,51.1167,6.95,Germany,DE,
152,Neu-Ulm,48.3833,10,Germany,DE,minor
153,Unna,51.5347,7.6889,Germany,DE,minor
154,Euskirchen,50.6613,6.7873,Germany,DE,minor
155,Frankfurt (Oder),52.35,14.55,Germany,DE,minor
156,Göppingen,48.7025,9.6528,Germany,DE,minor
157,Hameln,52.1031,9.36,Germany,DE,minor
158,Stolberg,50.7667,6.2333,Germany,DE,
159,Eschweiler,50.8167,6.2833,Germany,DE,
160,Görlitz,51.1528,14.9872,Germany,DE,minor
161,Langenhagen,52.4394,9.74,Germany,DE,
162,Meerbusch,51.2667,6.6667,Germany,DE,
163,Sankt Augustin,50.77,7.1867,Germany,DE,
164,Hilden,51.1714,6.9394,Germany,DE,
165,Waiblingen,48.8303,9.3169,Germany,DE,minor
166,Baden-Baden,48.7619,8.2408,Germany,DE,minor
167,Hattingen,51.3992,7.1858,Germany,DE,
168,Lingen,52.5233,7.3172,Germany,DE,
169,Bad Homburg,50.2292,8.6105,Germany,DE,minor
170,Bad Salzuflen,52.0875,8.7506,Germany,DE,
171,Pulheim,51,6.8,Germany,DE,
172,Schweinfurt,50.05,10.2333,Germany,DE,
173,Nordhorn,52.4333,7.0667,Germany,DE,minor
174,Neustadt,49.3443,8.1952,Germany,DE,minor
175,Wetzlar,50.5667,8.5,Germany,DE,minor
176,Ahlen,51.7633,7.8911,Germany,DE,
177,Frechen,50.9167,6.8167,Germany,DE,
178,Passau,48.5667,13.4667,Germany,DE,minor
179,Wolfenbüttel,52.1622,10.5369,Germany,DE,minor
180,Ibbenbüren,52.2778,7.7167,Germany,DE,
181,Kleve,51.79,6.14,Germany,DE,minor
182,Bad Kreuznach,49.8469,7.8669,Germany,DE,minor
183,Goslar,51.906,10.4292,Germany,DE,minor
184,Gummersbach,51.0333,7.5667,Germany,DE,minor
185,Ravensburg,47.7831,9.6114,Germany,DE,minor
186,Willich,51.2631,6.5492,Germany,DE,
187,Speyer,49.3194,8.4311,Germany,DE,minor
188,Böblingen,48.6833,9,Germany,DE,minor
189,Peine,52.3203,10.2336,Germany,DE,minor
190,Emden,53.3669,7.2061,Germany,DE,minor
191,Elmshorn,53.7547,9.6536,Germany,DE,
192,Erftstadt,50.8167,6.7667,Germany,DE,
193,Rastatt,48.8572,8.2031,Germany,DE,minor
194,Heidenheim,48.6761,10.1544,Germany,DE,minor
195,Lörrach,47.6156,7.6614,Germany,DE,minor
196,Leonberg,48.8014,9.0131,Germany,DE,
197,Bergkamen,51.6167,7.6333,Germany,DE,
198,Bad Oeynhausen,52.2,8.8,Germany,DE,
199,Freising,48.4028,11.7489,Germany,DE,minor
200,Rheda-Wiedenbrück,51.8417,8.3,Germany,DE,
201,Cuxhaven,53.8667,8.7,Germany,DE,minor
202,Bornheim,50.7592,7.005,Germany,DE,
203,Gronau,52.2125,7.0417,Germany,DE,
204,Straubing,48.8772,12.5758,Germany,DE,minor
205,Stade,53.6008,9.4764,Germany,DE,minor
206,Soest,51.5711,8.1092,Germany,DE,minor
207,Dachau,48.2603,11.4342,Germany,DE,minor
208,Alsdorf,50.8744,6.1615,Germany,DE,
209,Landau,49.1994,8.1231,Germany,DE,minor
210,Dülmen,51.8308,7.2783,Germany,DE,
211,Melle,52.2031,8.3361,Germany,DE,
212,Neunkirchen,49.3448,7.1799,Germany,DE,minor
213,Herzogenrath,50.8667,6.1,Germany,DE,
214,Schwerte,51.4458,7.5653,Germany,DE,
215,Oberursel,50.2028,8.5769,Germany,DE,
216,Wittenberg,51.8671,12.6484,Germany,DE,minor
217,Hof,50.3167,11.9167,Germany,DE,minor
218,Filderstadt,48.6667,9.2167,Germany,DE,
219,Gotha,50.9489,10.7183,Germany,DE,minor
220,Fellbach,48.8086,9.2758,Germany,DE,
221,Bünde,52.2,8.6,Germany,DE,
222,Albstadt,48.2119,9.0239,Germany,DE,
223,Weinheim,49.5561,8.6697,Germany,DE,
224,Rodgau,50.0256,8.8841,Germany,DE,
225,Bruchsal,49.1333,8.6,Germany,DE,
226,Oranienburg,52.7544,13.2369,Germany,DE,minor
227,Brühl,50.8333,6.9,Germany,DE,
228,Erkrath,51.2239,6.9147,Germany,DE,
229,Neustadt am Rübenberge,52.5055,9.4636,Germany,DE,
230,Lehrte,52.3725,9.9769,Germany,DE,
231,Kaufbeuren,47.88,10.6225,Germany,DE,minor
232,Falkensee,52.5583,13.0917,Germany,DE,
233,Memmingen,47.9878,10.1811,Germany,DE,minor
234,Kaarst,51.2278,6.6273,Germany,DE,
235,Erkelenz,51.08,6.3156,Germany,DE,
236,Pinneberg,53.6591,9.8009,Germany,DE,minor
237,Bietigheim-Bissingen,48.9667,9.1333,Germany,DE,
238,Kamen,51.5917,7.6653,Germany,DE,
239,Wismar,53.8925,11.465,Germany,DE,minor
240,Borken,51.8439,6.8583,Germany,DE,minor
241,Gifhorn,52.4886,10.5464,Germany,DE,minor
242,Nettetal,51.3167,6.2833,Germany,DE,
243,Eisenach,50.9747,10.3244,Germany,DE,minor
244,Dreieich,50.0189,8.6961,Germany,DE,
245,Aurich,53.4714,7.4836,Germany,DE,minor
246,Amberg,49.4444,11.8483,Germany,DE,minor
247,Heinsberg,51.0631,6.0964,Germany,DE,minor
248,Ansbach,49.3,10.5833,Germany,DE,minor
249,Homburg,49.3167,7.3333,Germany,DE,minor
250,Nordhausen,51.505,10.7911,Germany,DE,minor
251,Wunstorf,52.4238,9.4359,Germany,DE,
252,Seevetal,53.3833,10.0333,Germany,DE,
253,Siegburg,50.8014,7.2044,Germany,DE,minor
254,Laatzen,52.3077,9.8133,Germany,DE,
255,Germering,48.1333,11.3667,Germany,DE,
256,Coburg,50.2585,10.9579,Germany,DE,minor
257,Königswinter,50.6833,7.1833,Germany,DE,
258,Nürtingen,48.6267,9.3353,Germany,DE,
259,Freiberg,50.9119,13.3428,Germany,DE,minor
260,Schwabach,49.3292,11.0208,Germany,DE,minor
261,Lemgo,52.0277,8.9043,Germany,DE,
262,Kirchheim unter Teck,48.6483,9.4511,Germany,DE,
263,Bensheim,49.6811,8.6228,Germany,DE,
264,Schwäbisch Hall,49.1122,9.7375,Germany,DE,minor
265,Weißenfels,51.2,11.9667,Germany,DE,
266,Pirmasens,49.2,7.6,Germany,DE,minor
267,Eberswalde,52.8331,13.8331,Germany,DE,minor
268,Halberstadt,51.8958,11.0467,Germany,DE,minor
269,Buxtehude,53.4769,9.7011,Germany,DE,
270,Leinfelden-Echterdingen,48.6928,9.1428,Germany,DE,
271,Neumarkt,49.2833,11.4667,Germany,DE,minor
272,Hückelhoven,51.0608,6.2197,Germany,DE,
273,Hofheim,50.0876,8.4447,Germany,DE,minor
274,Löhne,52.2,8.7,Germany,DE,
275,Schorndorf,48.8,9.5333,Germany,DE,
276,Stendal,52.6,11.85,Germany,DE,minor
277,Freital,51.0167,13.65,Germany,DE,
278,Völklingen,49.25,6.8333,Germany,DE,
279,Ettlingen,48.9333,8.4,Germany,DE,
280,Ostfildern,48.7228,9.2631,Germany,DE,
281,Maintal,50.15,8.8333,Germany,DE,
282,Buchholz in der Nordheide,53.3285,9.8621,Germany,DE,
283,Ahaus,52.0794,7.0134,Germany,DE,
284,Ilmenau,50.6872,10.9142,Germany,DE,
285,Mettmann,51.25,6.9667,Germany,DE,minor
286,Würselen,50.8247,6.1275,Germany,DE,
287,Bitterfeld,51.6167,12.3167,Germany,DE,
288,Bautzen,51.1814,14.4239,Germany,DE,minor
289,Pirna,50.9622,13.9403,Germany,DE,minor
290,Niederkassel,50.8167,7.0333,Germany,DE,
291,Langen,49.9893,8.6803,Germany,DE,
292,Greven,52.0917,7.6083,Germany,DE,
293,Fürstenfeldbruck,48.1778,11.2556,Germany,DE,minor
294,Neu Isenburg,50.0558,8.6971,Germany,DE,
295,Papenburg,53.0667,7.4,Germany,DE,
296,Kamp-Lintfort,51.5,6.5333,Germany,DE,
297,Backnang,48.9464,9.4306,Germany,DE,
298,Warendorf,51.9539,7.9933,Germany,DE,minor
299,Königs Wusterhausen,52.2917,13.625,Germany,DE,
300,Suhl,50.6106,10.6931,Germany,DE,minor
301,Beckum,51.7558,8.0408,Germany,DE,
302,Erding,48.3001,11.9082,Germany,DE,minor
303,Coesfeld,51.9458,7.1675,Germany,DE,minor
304,Mühlhausen,51.2167,10.45,Germany,DE,minor
305,Wesseling,50.8207,6.9786,Germany,DE,
306,Kehl,48.5711,7.8089,Germany,DE,
307,Emsdetten,52.1728,7.5344,Germany,DE,
308,Tuttlingen,47.985,8.8233,Germany,DE,minor
309,Sankt Ingbert,49.3,7.1167,Germany,DE,
310,Porta Westfalica,52.2167,8.9333,Germany,DE,
311,Sinsheim,49.25,8.8833,Germany,DE,
312,Meppen,52.6906,7.291,Germany,DE,minor
313,Limburg,50.3833,8.0667,Germany,DE,minor
314,Ingelheim,49.9747,8.0564,Germany,DE,minor
315,Lage,51.9833,8.8,Germany,DE,
316,Cloppenburg,52.8478,8.0439,Germany,DE,minor
317,Winsen,53.3667,10.2167,Germany,DE,minor
318,Mörfelden-Walldorf,49.9896,8.5661,Germany,DE,
319,Wermelskirchen,51.1392,7.2051,Germany,DE,
320,Datteln,51.6539,7.3417,Germany,DE,
321,Kempen,51.3658,6.4194,Germany,DE,
322,Saarlouis,49.3167,6.75,Germany,DE,minor
323,Leer,53.2308,7.4528,Germany,DE,minor
324,Seelze,52.3961,9.5981,Germany,DE,
325,Crailsheim,49.1347,10.0706,Germany,DE,
326,Barsinghausen,52.3031,9.4606,Germany,DE,
327,Balingen,48.2731,8.8506,Germany,DE,minor
328,Zweibrücken,49.2494,7.3608,Germany,DE,minor
329,Viernheim,49.538,8.5792,Germany,DE,
330,Steinfurt,52.1504,7.3366,Germany,DE,minor
331,Merseburg,51.3544,11.9928,Germany,DE,minor
332,Hemer,51.3833,7.7667,Germany,DE,
333,Dietzenbach,50.0086,8.7756,Germany,DE,
334,Radebeul,51.1033,13.67,Germany,DE,
335,Bad Vilbel,50.1781,8.7361,Germany,DE,
336,Geldern,51.5197,6.3325,Germany,DE,
337,Goch,51.6839,6.1619,Germany,DE,
338,Kornwestheim,48.8597,9.185,Germany,DE,
339,Stuhr,53.0167,8.75,Germany,DE,
340,Uelzen,52.9647,10.5658,Germany,DE,minor
341,Deggendorf,48.8353,12.9644,Germany,DE,minor
342,Wedel,53.5833,9.7,Germany,DE,
343,Ahrensburg,53.6747,10.2411,Germany,DE,
344,Rheinfelden (Baden),47.5611,7.7917,Germany,DE,
345,Korschenbroich,51.1833,6.5167,Germany,DE,
346,Biberach,48.0981,9.7886,Germany,DE,minor
347,Wernigerode,51.835,10.7853,Germany,DE,
348,Bernburg,51.8,11.7333,Germany,DE,minor
349,Jülich,50.9222,6.3583,Germany,DE,
350,Lampertheim,49.5942,8.4671,Germany,DE,
351,Vechta,52.7306,8.2886,Germany,DE,minor
352,Naumburg,51.1521,11.8098,Germany,DE,minor
353,Forchheim,49.7197,11.0581,Germany,DE,minor
354,Bad Nauheim,50.3667,8.75,Germany,DE,
355,Hoyerswerda,51.4331,14.25,Germany,DE,
356,Altenburg,50.985,12.4333,Germany,DE,minor
357,Delbrück,51.7667,8.5667,Germany,DE,
358,Fürstenwalde,52.3667,14.0667,Germany,DE,
359,Achim,53.013,9.033,Germany,DE,
360,Itzehoe,53.925,9.5164,Germany,DE,minor
361,Georgsmarienhütte,52.2031,8.0447,Germany,DE,
362,Herrenberg,48.5967,8.8708,Germany,DE,
363,Oer-Erkenschwick,51.6422,7.2508,Germany,DE,
364,Radolfzell am Bodensee,47.7369,8.9697,Germany,DE,
365,Kreuztal,50.962,8.0064,Germany,DE,
366,Ganderkesee,53.0358,8.5483,Germany,DE,
367,Rheinberg,51.5467,6.6006,Germany,DE,
368,Bramsche,52.4089,7.9728,Germany,DE,
369,Neuruppin,52.9222,12.8,Germany,DE,minor
370,Einbeck,51.8167,9.8667,Germany,DE,
371,Werl,51.5528,7.9139,Germany,DE,
372,Schönebeck,52.0167,11.75,Germany,DE,
373,Burgdorf,52.4438,10.0078,Germany,DE,
374,Gevelsberg,51.3265,7.3559,Germany,DE,
375,Weyhe,52.9936,8.8733,Germany,DE,
376,Geesthacht,53.4375,10.3675,Germany,DE,
377,Haan,51.1931,7.0131,Germany,DE,
378,Lohmar,50.8415,7.2166,Germany,DE,
379,Osterholz-Scharmbeck,53.2269,8.7947,Germany,DE,minor
380,Weil am Rhein,47.5947,7.6108,Germany,DE,
381,Ennepetal,51.3021,7.3425,Germany,DE,
382,Riesa,51.3081,13.2939,Germany,DE,
383,Taunusstein,50.1435,8.1606,Germany,DE,
384,Andernach,50.4397,7.4017,Germany,DE,
385,Meschede,51.3503,8.2836,Germany,DE,minor
386,Schwedt (Oder),53.0631,14.2831,Germany,DE,
387,Friedberg,48.35,10.9833,Germany,DE,
388,Bad Hersfeld,50.8683,9.7067,Germany,DE,minor
389,Gaggenau,48.8039,8.3194,Germany,DE,
390,Merzig,49.4471,6.6312,Germany,DE,minor
391,Neuburg,48.7333,11.1833,Germany,DE,minor
392,Werve,51.6667,7.6167,Germany,DE,
393,Vaihingen an der Enz,48.9328,8.9564,Germany,DE,
394,Rietberg,51.8,8.4333,Germany,DE,
395,Saalfeld,50.6506,11.3542,Germany,DE,minor
396,Bretten,49.0364,8.7061,Germany,DE,
397,Waltrop,51.6236,7.3972,Germany,DE,
398,Oelde,51.8258,8.1436,Germany,DE,
399,Tönisvorst,51.3208,6.4931,Germany,DE,
400,Güstrow,53.7939,12.1764,Germany,DE,minor
401,Friedberg,50.3353,8.755,Germany,DE,minor
402,Landsberg,48.0528,10.8689,Germany,DE,minor
403,Northeim,51.7067,10.0011,Germany,DE,minor
404,Kelkheim (Taunus),50.138,8.4525,Germany,DE,
405,Springe,52.2167,9.55,Germany,DE,
406,Unterschleißheim,48.2833,11.5667,Germany,DE,
407,Bühl,48.6953,8.135,Germany,DE,
408,Schwandorf,49.3236,12.0993,Germany,DE,minor
409,Höxter,51.7667,9.3667,Germany,DE,minor
410,Rösrath,50.9,7.1833,Germany,DE,
411,Bad Zwischenahn,53.1836,8.0097,Germany,DE,
412,Schwelm,51.2904,7.2972,Germany,DE,minor
413,Rendsburg,54.3044,9.6644,Germany,DE,minor
414,Winnenden,48.8764,9.3978,Germany,DE,
415,Bad Neuenahr-Ahrweiler,50.5447,7.1133,Germany,DE,minor
416,Grimma,51.2386,12.7253,Germany,DE,
417,Wegberg,51.1333,6.2667,Germany,DE,
418,Geislingen an der Steige,48.6244,9.8306,Germany,DE,
419,Königsbrunn,48.2689,10.8908,Germany,DE,
420,Henstedt-Ulzburg,53.7833,10,Germany,DE,
421,Meißen,51.1636,13.4775,Germany,DE,minor
422,Leichlingen,51.1167,7.0167,Germany,DE,
423,Kevelaer,51.5833,6.25,Germany,DE,
424,Zeitz,51.0478,12.1383,Germany,DE,
425,Emmendingen,48.1214,7.8492,Germany,DE,minor
426,Blankenfelde,52.35,13.4,Germany,DE,
427,Sundern,51.3167,8,Germany,DE,
428,Baunatal,51.2589,9.4183,Germany,DE,
429,Reinbek,53.5089,10.2483,Germany,DE,
430,Mechernich,50.6,6.65,Germany,DE,
431,Hattersheim,50.0697,8.4862,Germany,DE,
432,Wetter (Ruhr),51.3881,7.395,Germany,DE,
433,Griesheim,49.8594,8.5525,Germany,DE,
434,Arnstadt,50.8342,10.9464,Germany,DE,minor
435,Aschersleben,51.75,11.4667,Germany,DE,
436,Geilenkirchen,50.9653,6.1194,Germany,DE,
437,Rheinbach,50.6256,6.9491,Germany,DE,
438,Overath,50.9328,7.2839,Germany,DE,
439,Baesweiler,50.9,6.1833,Germany,DE,
440,Leimen,49.3481,8.6911,Germany,DE,
441,Wangen im Allgäu,47.6858,9.8342,Germany,DE,
442,Schloß Holte-Stukenbrock,51.8833,8.6167,Germany,DE,
443,Lohne,52.6667,8.2386,Germany,DE,
444,Wiesloch,49.2942,8.6983,Germany,DE,
445,Hamminkeln,51.7319,6.5908,Germany,DE,
446,Strausberg,52.5808,13.8814,Germany,DE,
447,Lauf,49.5103,11.2772,Germany,DE,minor
448,Neckarsulm,49.1917,9.2244,Germany,DE,
449,Heiligenhaus,51.3265,6.971,Germany,DE,
450,Sangerhausen,51.4667,11.3,Germany,DE,minor
451,Hennigsdorf,52.6378,13.2036,Germany,DE,
452,Ehingen an der Donau,48.2833,9.7236,Germany,DE,
453,Butzbach,50.4367,8.6622,Germany,DE,
454,Nordenham,53.5,8.4667,Germany,DE,
455,Hohen Neuendorf,52.6667,13.2831,Germany,DE,
456,Ludwigsfelde,52.2997,13.2667,Germany,DE,
457,Mühlacker,48.95,8.8392,Germany,DE,
458,Heppenheim,49.6415,8.645,Germany,DE,minor
459,Selm,51.6833,7.4833,Germany,DE,
460,Weiterstadt,49.9,8.6,Germany,DE,
461,Pfaffenhofen,48.5333,11.5167,Germany,DE,minor
462,Kulmbach,50.1,11.4333,Germany,DE,minor
463,Sankt Wendel,49.4667,7.1667,Germany,DE,minor
464,Teltow,52.4022,13.2706,Germany,DE,
465,Bad Honnef am Rhein,50.645,7.2269,Germany,DE,
466,Helmstedt,52.2281,11.0106,Germany,DE,minor
467,Bingen am Rhein,49.9669,7.895,Germany,DE,
468,Achern,48.6314,8.0739,Germany,DE,
469,Zirndorf,49.45,10.95,Germany,DE,
470,Roth,49.2461,11.0911,Germany,DE,
471,Lennestadt,51.1236,8.0681,Germany,DE,
472,Verl,51.8831,8.5167,Germany,DE,
473,Lindau,47.5458,9.6839,Germany,DE,
474,Lübbecke,52.3081,8.6231,Germany,DE,
475,Rinteln,52.1906,9.0814,Germany,DE,
476,Brilon,51.3956,8.5678,Germany,DE,
477,Staßfurt,51.8667,11.5667,Germany,DE,
478,Zittau,50.8961,14.8072,Germany,DE,
479,Plettenberg,51.2128,7.8715,Germany,DE,
480,Groß-Gerau,49.9214,8.4818,Germany,DE,minor
481,Schleswig,54.5153,9.5697,Germany,DE,minor
482,Geretsried,47.8667,11.4667,Germany,DE,
483,Rottweil,48.1681,8.6247,Germany,DE,minor
484,Friedrichsdorf,50.2569,8.6418,Germany,DE,
485,Petershagen,52.3833,8.9667,Germany,DE,
486,Pfungstadt,49.8056,8.6044,Germany,DE,
487,Bad Oldesloe,53.8117,10.3742,Germany,DE,minor
488,Olpe,51.0289,7.8514,Germany,DE,minor
489,Rathenow,52.6,12.3333,Germany,DE,minor
490,Senftenberg,51.5167,14.0167,Germany,DE,minor
491,Meiningen,50.55,10.4167,Germany,DE,minor
492,Waldshut-Tiengen,47.6231,8.2144,Germany,DE,minor
493,Sonneberg,50.35,11.1667,Germany,DE,minor
494,Salzwedel,52.85,11.15,Germany,DE,minor
495,Calw,48.7144,8.7375,Germany,DE,minor
496,Korbach,51.2719,8.8731,Germany,DE,minor
497,Starnberg,47.9972,11.3406,Germany,DE,minor
498,Freudenstadt,48.4633,8.4111,Germany,DE,minor
499,Mosbach,49.35,9.1333,Germany,DE,minor
500,Husum,54.4769,9.0511,Germany,DE,minor
501,Westerstede,53.25,7.9167,Germany,DE,minor
502,Burg,52.2725,11.855,Germany,DE,minor
503,Weilheim,47.8333,11.1333,Germany,DE,minor
504,Bad Kissingen,50.2,10.0667,Germany,DE,minor
505,Stadthagen,52.3247,9.2069,Germany,DE,minor
506,Apolda,51.0247,11.5139,Germany,DE,minor
507,Heide,54.1961,9.0933,Germany,DE,minor
508,Osterode,51.7286,10.2522,Germany,DE,minor
509,Kitzingen,49.7333,10.1667,Germany,DE,minor
510,Sonthofen,47.5142,10.2817,Germany,DE,minor
511,Sondershausen,51.3667,10.8667,Germany,DE,minor
512,Aichach,48.45,11.1333,Germany,DE,minor
513,Germersheim,49.2167,8.3667,Germany,DE,minor
514,Günzburg,48.4525,10.2711,Germany,DE,minor
515,Luckenwalde,52.0831,13.1667,Germany,DE,minor
516,Traunstein,47.8683,12.6433,Germany,DE,minor
517,Mühldorf,48.2456,12.5228,Germany,DE,minor
518,Wittmund,53.5747,7.7808,Germany,DE,minor
519,Bad Salzungen,50.8117,10.2333,Germany,DE,minor
520,Lichtenfels,50.1333,11.0333,Germany,DE,minor
521,Greiz,50.6547,12.1997,Germany,DE,minor
522,Donauwörth,48.7184,10.777,Germany,DE,minor
523,Torgau,51.5603,13.0056,Germany,DE,minor
524,Holzminden,51.8297,9.4483,Germany,DE,minor
525,Dingolfing,48.6333,12.5,Germany,DE,minor
526,Annaberg-Buchholz,50.58,13.0022,Germany,DE,minor
527,Eschwege,51.1881,10.0528,Germany,DE,minor
528,Haldensleben,52.2833,11.4167,Germany,DE,minor
529,Sömmerda,51.1617,11.1169,Germany,DE,minor
530,Prenzlau,53.3167,13.8667,Germany,DE,minor
531,Wittlich,49.9869,6.8897,Germany,DE,minor
532,Dillingen,48.5667,10.4667,Germany,DE,minor
533,Bad Tölz,47.7603,11.5567,Germany,DE,minor
534,Marktoberdorf,47.7667,10.6167,Germany,DE,minor
535,Alzey,49.7517,8.1161,Germany,DE,minor
536,Bad Dürkheim,49.4618,8.1724,Germany,DE,minor
537,Weißenburg,49.0306,10.9719,Germany,DE,minor
538,Bad Reichenhall,47.7247,12.8769,Germany,DE,minor
539,Forst (Lausitz),51.7333,14.6333,Germany,DE,minor
540,Parchim,53.4167,11.8333,Germany,DE,minor
541,Sigmaringen,48.0867,9.2164,Germany,DE,minor
542,Bad Segeberg,53.9356,10.3089,Germany,DE,minor
543,Heilbad Heiligenstadt,51.3775,10.1344,Germany,DE,minor
544,Eutin,54.1378,10.6181,Germany,DE,minor
545,Cham,49.2183,12.6658,Germany,DE,minor
546,Diepholz,52.6072,8.3711,Germany,DE,minor
547,Kronach,50.2411,11.3281,Germany,DE,minor
548,Kelheim,48.9167,11.8667,Germany,DE,minor
549,Bad Neustadt,50.3219,10.2161,Germany,DE,minor
550,Künzelsau,49.2833,9.6833,Germany,DE,minor
551,Mindelheim,48.0333,10.4667,Germany,DE,minor
552,Brake,53.3333,8.4833,Germany,DE,minor
553,Bitburg,49.9747,6.5256,Germany,DE,minor
554,Ratzeburg,53.7017,10.7567,Germany,DE,minor
555,Jever,53.5744,7.9008,Germany,DE,minor
556,Lübben (Spreewald),51.95,13.9,Germany,DE,minor
557,Montabaur,50.4375,7.8258,Germany,DE,minor
558,Erbach,49.6569,8.9931,Germany,DE,minor
559,Lauterbach,50.6378,9.3944,Germany,DE,minor
560,Haßfurt,50.0353,10.5123,Germany,DE,minor
561,Eichstätt,48.8919,11.1839,Germany,DE,minor
562,Tauberbischofsheim,49.6225,9.6628,Germany,DE,minor
563,Neustadt,49.58,10.6089,Germany,DE,minor
564,Pfarrkirchen,48.4419,12.9443,Germany,DE,minor
565,Ebersberg,48.0833,11.9667,Germany,DE,minor
566,Perleberg,53.0667,11.8667,Germany,DE,minor
567,Bad Fallingbostel,52.8675,9.6967,Germany,DE,minor
568,Hildburghausen,50.4261,10.7289,Germany,DE,minor
569,Miesbach,47.789,11.8338,Germany,DE,minor
570,Bad Schwalbach,50.1401,8.0694,Germany,DE,minor
571,Regen,48.97,13.1264,Germany,DE,minor
572,Eisenberg,50.9667,11.9,Germany,DE,minor
573,Altötting,48.2264,12.6759,Germany,DE,minor
574,Bad Ems,50.3381,7.7106,Germany,DE,minor
575,Lüchow,52.9667,11.15,Germany,DE,minor
576,Miltenberg,49.7039,9.2644,Germany,DE,minor
577,Wunsiedel,50.0374,11.9994,Germany,DE,minor
578,Herzberg,51.6831,13.2331,Germany,DE,minor
579,Plön,54.1622,10.4214,Germany,DE,minor
580,Schleiz,50.5833,11.8167,Germany,DE,minor
581,Tirschenreuth,49.8789,12.3369,Germany,DE,minor
582,Beeskow,52.1667,14.25,Germany,DE,minor
583,Daun,50.1986,6.8319,Germany,DE,minor
584,Simmern,49.9833,7.5167,Germany,DE,minor
585,Kirchheimbolanden,49.6664,8.0117,Germany,DE,minor
586,Freyung,48.8075,13.5475,Germany,DE,minor
587,Birkenfeld,49.65,7.1833,Germany,DE,minor
588,Altenkirchen,50.6872,7.6456,Germany,DE,minor
589,Neustadt,49.7306,12.1706,Germany,DE,minor
590,Seelow,52.5167,14.3831,Germany,DE,minor
591,Kusel,49.5347,7.3981,Germany,DE,minor
592,Cochem,50.1469,7.1667,Germany,DE,minor
593,Offenbach,50.1006,8.7665,Germany,DE,minor
594,Frankenthal,49.5436,8.3639,Germany,DE,minor
595,Weiden,49.6768,12.1561,Germany,DE,minor
596,Nienburg,52.6461,9.2208,Germany,DE,minor
597,Verden,52.9234,9.2349,Germany,DE,minor
598,Köthen,51.7518,11.9709,Germany,DE,minor
599,Rotenburg,53.1113,9.4108,Germany,DE,minor
600,Karlstadt,49.9603,9.7724,Germany,DE,minor
601,Neustadt,49.5656,8.8437,Germany,DE,minor
602,Homberg,51.0299,9.4026,Germany,DE,minor
603,Garmisch-Partenkirchen,47.4921,11.0958,Germany,DE,minor